experiment_id,git_commit,data_sha256,fold_id,model,train_rows,val_rows,val_positive_rows,val_delay_rate,pr_auc,roc_auc,brier_score,precision,recall,f1,balanced_accuracy,selected_threshold,runtime_seconds
EXP_01_CLASSIFICATION_BASELINES,6f71396ac38466c9d18e2706bea8688d9c2ea8ac,918b992dd3e8d4b64d2a727b2c4ea607603d0c58f19484e73f7b78528c6a8673,0,Logistic Regression,3747,598,39,0.06521739130434782,0.09458703244359527,0.6113022338424843,0.25717075561702757,0.0918918918918919,0.4358974358974359,0.15178571428571427,0.56768038163387,0.6561287885954917,0.18639707565307617
EXP_01_CLASSIFICATION_BASELINES,6f71396ac38466c9d18e2706bea8688d9c2ea8ac,918b992dd3e8d4b64d2a727b2c4ea607603d0c58f19484e73f7b78528c6a8673,0,Random Forest,3747,598,39,0.06521739130434782,0.0776948690905501,0.5567405164900693,0.15987164287060773,0.0,0.0,0.0,0.5,0.669158954701655,0.6938948631286621
EXP_01_CLASSIFICATION_BASELINES,6f71396ac38466c9d18e2706bea8688d9c2ea8ac,918b992dd3e8d4b64d2a727b2c4ea607603d0c58f19484e73f7b78528c6a8673,0,XGBoost,3747,598,39,0.06521739130434782,0.09443371610411977,0.6226778588138159,0.07855866104364395,0.16666666666666666,0.02564102564102564,0.044444444444444446,0.5083482409063804,0.7713569402694702,0.36704516410827637
EXP_01_CLASSIFICATION_BASELINES,6f71396ac38466c9d18e2706bea8688d9c2ea8ac,918b992dd3e8d4b64d2a727b2c4ea607603d0c58f19484e73f7b78528c6a8673,0,LightGBM,3747,598,39,0.06521739130434782,0.12848475618907307,0.6666207972111371,0.07033129419151815,1.0,0.02564102564102564,0.05,0.5128205128205128,0.7920563474568159,0.46862125396728516
EXP_01_CLASSIFICATION_BASELINES,6f71396ac38466c9d18e2706bea8688d9c2ea8ac,918b992dd3e8d4b64d2a727b2c4ea607603d0c58f19484e73f7b78528c6a8673,0,CatBoost,3747,598,39,0.06521739130434782,0.10773255949878471,0.6518508325306177,0.09532887106119074,0.25,0.02564102564102564,0.046511627906976744,0.5101371496720334,0.6884679742549018,12.79456377029419
EXP_01_CLASSIFICATION_BASELINES,6f71396ac38466c9d18e2706bea8688d9c2ea8ac,918b992dd3e8d4b64d2a727b2c4ea607603d0c58f19484e73f7b78528c6a8673,1,Logistic Regression,4302,618,99,0.16019417475728157,0.22001257529029483,0.6666472042194587,0.16837351033799117,0.125,0.0707070707070707,0.09032258064516129,0.48814736965025984,0.6362689501787356,0.20647859573364258
EXP_01_CLASSIFICATION_BASELINES,6f71396ac38466c9d18e2706bea8688d9c2ea8ac,918b992dd3e8d4b64d2a727b2c4ea607603d0c58f19484e73f7b78528c6a8673,1,Random Forest,4302,618,99,0.16019417475728157,0.21834656639031919,0.6640976236351959,0.15957163262390722,0.0,0.0,0.0,0.5,0.6588176629660778,0.6954843997955322
EXP_01_CLASSIFICATION_BASELINES,6f71396ac38466c9d18e2706bea8688d9c2ea8ac,918b992dd3e8d4b64d2a727b2c4ea607603d0c58f19484e73f7b78528c6a8673,1,XGBoost,4302,618,99,0.16019417475728157,0.23312459354264156,0.6635526751133687,0.14937567710876465,0.0,0.0,0.0,0.49903660886319845,0.796663224697113,0.3735806941986084
EXP_01_CLASSIFICATION_BASELINES,6f71396ac38466c9d18e2706bea8688d9c2ea8ac,918b992dd3e8d4b64d2a727b2c4ea607603d0c58f19484e73f7b78528c6a8673,1,LightGBM,4302,618,99,0.16019417475728157,0.2018391752777426,0.6361884743387634,0.15875306918637233,0.0,0.0,0.0,0.49903660886319845,0.8038677441073786,0.34496045112609863
EXP_01_CLASSIFICATION_BASELINES,6f71396ac38466c9d18e2706bea8688d9c2ea8ac,918b992dd3e8d4b64d2a727b2c4ea607603d0c58f19484e73f7b78528c6a8673,1,CatBoost,4302,618,99,0.16019417475728157,0.24680223761739076,0.6916759113290905,0.13886661914184878,0.0,0.0,0.0,0.49710982658959535,0.727833380089553,12.512188911437988
EXP_01_CLASSIFICATION_BASELINES,6f71396ac38466c9d18e2706bea8688d9c2ea8ac,918b992dd3e8d4b64d2a727b2c4ea607603d0c58f19484e73f7b78528c6a8673,2,Logistic Regression,4942,738,195,0.26422764227642276,0.4913469475315288,0.7502479104689049,0.17238380524853827,0.6461538461538462,0.2153846153846154,0.3230769230769231,0.586513670491571,0.6659483364080432,0.31352663040161133
EXP_01_CLASSIFICATION_BASELINES,6f71396ac38466c9d18e2706bea8688d9c2ea8ac,918b992dd3e8d4b64d2a727b2c4ea607603d0c58f19484e73f7b78528c6a8673,2,Random Forest,4942,738,195,0.26422764227642276,0.5147822438250582,0.7953251168720781,0.1720722156921124,0.0,0.0,0.0,0.5,0.6500223166646183,0.8102028369903564
EXP_01_CLASSIFICATION_BASELINES,6f71396ac38466c9d18e2706bea8688d9c2ea8ac,918b992dd3e8d4b64d2a727b2c4ea607603d0c58f19484e73f7b78528c6a8673,2,XGBoost,4942,738,195,0.26422764227642276,0.45617508242700744,0.7541955895547054,0.19221433997154236,0.5,0.035897435897435895,0.06698564593301436,0.5115030457571894,0.7754603028297424,0.4221498966217041
EXP_01_CLASSIFICATION_BASELINES,6f71396ac38466c9d18e2706bea8688d9c2ea8ac,918b992dd3e8d4b64d2a727b2c4ea607603d0c58f19484e73f7b78528c6a8673,2,LightGBM,4942,738,195,0.26422764227642276,0.4278378964016172,0.7705387920857534,0.21077881237297516,0.45454545454545453,0.4358974358974359,0.44502617801047123,0.6240260660150163,0.7751884902150857,0.5502769947052002
EXP_01_CLASSIFICATION_BASELINES,6f71396ac38466c9d18e2706bea8688d9c2ea8ac,918b992dd3e8d4b64d2a727b2c4ea607603d0c58f19484e73f7b78528c6a8673,2,CatBoost,4942,738,195,0.26422764227642276,0.5216343187958411,0.7987816971242385,0.19765653258240606,0.5164835164835165,0.48205128205128206,0.4986737400530504,0.6599943334749965,0.7458121293575726,12.94733476638794
EXP_01_CLASSIFICATION_BASELINES,6f71396ac38466c9d18e2706bea8688d9c2ea8ac,918b992dd3e8d4b64d2a727b2c4ea607603d0c58f19484e73f7b78528c6a8673,3,Logistic Regression,5614,606,121,0.19966996699669967,0.30837471497417424,0.720047712362614,0.22493413216883873,0.2978723404255319,0.5785123966942148,0.39325842696629215,0.6191531055636023,0.6116377431057893,0.32881641387939453
EXP_01_CLASSIFICATION_BASELINES,6f71396ac38466c9d18e2706bea8688d9c2ea8ac,918b992dd3e8d4b64d2a727b2c4ea607603d0c58f19484e73f7b78528c6a8673,3,Random Forest,5614,606,121,0.19966996699669967,0.46138568647407585,0.8217261651188549,0.16906716175734285,0.0,0.0,0.0,0.5,0.6471032242983187,0.8229155540466309
EXP_01_CLASSIFICATION_BASELINES,6f71396ac38466c9d18e2706bea8688d9c2ea8ac,918b992dd3e8d4b64d2a727b2c4ea607603d0c58f19484e73f7b78528c6a8673,3,XGBoost,5614,606,121,0.19966996699669967,0.3359650647579102,0.7281076936184715,0.16417977213859558,0.3076923076923077,0.03305785123966942,0.05970149253731343,0.5072505751043708,0.7443614602088928,0.42668938636779785
EXP_01_CLASSIFICATION_BASELINES,6f71396ac38466c9d18e2706bea8688d9c2ea8ac,918b992dd3e8d4b64d2a727b2c4ea607603d0c58f19484e73f7b78528c6a8673,3,LightGBM,5614,606,121,0.19966996699669967,0.3745168569097945,0.7414160347618642,0.16443570524682805,0.4666666666666667,0.11570247933884298,0.18543046357615894,0.5413563943085967,0.7470719819895039,0.5256118774414062
EXP_01_CLASSIFICATION_BASELINES,6f71396ac38466c9d18e2706bea8688d9c2ea8ac,918b992dd3e8d4b64d2a727b2c4ea607603d0c58f19484e73f7b78528c6a8673,3,CatBoost,5614,606,121,0.19966996699669967,0.30955276383889385,0.737190082644628,0.16753219324137905,0.2926829268292683,0.09917355371900827,0.14814814814814814,0.5196898696430092,0.6877381006781488,13.506531000137329
EXP_01_CLASSIFICATION_BASELINES,6f71396ac38466c9d18e2706bea8688d9c2ea8ac,918b992dd3e8d4b64d2a727b2c4ea607603d0c58f19484e73f7b78528c6a8673,4,Logistic Regression,6312,717,103,0.14365411436541142,0.3910443389740238,0.8179058220802631,0.17760017721630822,0.35,0.7475728155339806,0.47678018575851394,0.7573368963663388,0.607496253470475,0.3956947326660156
EXP_01_CLASSIFICATION_BASELINES,6f71396ac38466c9d18e2706bea8688d9c2ea8ac,918b992dd3e8d4b64d2a727b2c4ea607603d0c58f19484e73f7b78528c6a8673,4,Random Forest,6312,717,103,0.14365411436541142,0.3468171473404291,0.8201827899180925,0.14184616997048108,0.0,0.0,0.0,0.5,0.6558436555615191,0.9267094135284424
EXP_01_CLASSIFICATION_BASELINES,6f71396ac38466c9d18e2706bea8688d9c2ea8ac,918b992dd3e8d4b64d2a727b2c4ea607603d0c58f19484e73f7b78528c6a8673,4,XGBoost,6312,717,103,0.14365411436541142,0.33887216712744883,0.7953575155750925,0.11317020654678345,1.0,0.009708737864077669,0.019230769230769232,0.5048543689320388,0.7312868237495422,0.48587489128112793
EXP_01_CLASSIFICATION_BASELINES,6f71396ac38466c9d18e2706bea8688d9c2ea8ac,918b992dd3e8d4b64d2a727b2c4ea607603d0c58f19484e73f7b78528c6a8673,4,LightGBM,6312,717,103,0.14365411436541142,0.36337791718581297,0.8235270864299041,0.11074262460703538,0.4,0.07766990291262135,0.13008130081300814,0.5290629644856266,0.7269980796536636,0.7400569915771484
EXP_01_CLASSIFICATION_BASELINES,6f71396ac38466c9d18e2706bea8688d9c2ea8ac,918b992dd3e8d4b64d2a727b2c4ea607603d0c58f19484e73f7b78528c6a8673,4,CatBoost,6312,717,103,0.14365411436541142,0.39616681731956943,0.8210129344423011,0.10935568247002074,0.5,0.11650485436893204,0.1889763779527559,0.548480440213782,0.6645218346051486,13.226505041122437
