experiment_id,git_commit,data_sha256,evidence_label,fold_id,strategy,k_fraction,k_shipments,delayed_captured,total_delayed,recall_at_k,high_severity_captured,high_severity_recall_at_k,delay_days_captured,total_delay_days,delay_days_capture_ratio
EXP_05_DECISION_UTILITY,6f71396ac38466c9d18e2706bea8688d9c2ea8ac,918b992dd3e8d4b64d2a727b2c4ea607603d0c58f19484e73f7b78528c6a8673,SIMULATED SCENARIO,0,Strategy_1_Risk_Only,0.01,6,0,39,0.0,0,0.0,0.0,341.0,0.0
EXP_05_DECISION_UTILITY,6f71396ac38466c9d18e2706bea8688d9c2ea8ac,918b992dd3e8d4b64d2a727b2c4ea607603d0c58f19484e73f7b78528c6a8673,SIMULATED SCENARIO,0,Strategy_1_Risk_Only,0.05,30,2,39,0.05128205128205128,1,0.16666666666666666,20.0,341.0,0.05865102639296188
EXP_05_DECISION_UTILITY,6f71396ac38466c9d18e2706bea8688d9c2ea8ac,918b992dd3e8d4b64d2a727b2c4ea607603d0c58f19484e73f7b78528c6a8673,SIMULATED SCENARIO,0,Strategy_1_Risk_Only,0.1,60,8,39,0.20512820512820512,3,0.5,96.0,341.0,0.28152492668621704
EXP_05_DECISION_UTILITY,6f71396ac38466c9d18e2706bea8688d9c2ea8ac,918b992dd3e8d4b64d2a727b2c4ea607603d0c58f19484e73f7b78528c6a8673,SIMULATED SCENARIO,0,Strategy_1_Risk_Only,0.2,120,10,39,0.2564102564102564,3,0.5,111.0,341.0,0.3255131964809384
EXP_05_DECISION_UTILITY,6f71396ac38466c9d18e2706bea8688d9c2ea8ac,918b992dd3e8d4b64d2a727b2c4ea607603d0c58f19484e73f7b78528c6a8673,SIMULATED SCENARIO,0,Strategy_2_Risk_x_Severity,0.01,6,1,39,0.02564102564102564,0,0.0,8.0,341.0,0.02346041055718475
EXP_05_DECISION_UTILITY,6f71396ac38466c9d18e2706bea8688d9c2ea8ac,918b992dd3e8d4b64d2a727b2c4ea607603d0c58f19484e73f7b78528c6a8673,SIMULATED SCENARIO,0,Strategy_2_Risk_x_Severity,0.05,30,2,39,0.05128205128205128,0,0.0,19.0,341.0,0.05571847507331378
EXP_05_DECISION_UTILITY,6f71396ac38466c9d18e2706bea8688d9c2ea8ac,918b992dd3e8d4b64d2a727b2c4ea607603d0c58f19484e73f7b78528c6a8673,SIMULATED SCENARIO,0,Strategy_2_Risk_x_Severity,0.1,60,7,39,0.1794871794871795,0,0.0,37.0,341.0,0.10850439882697947
EXP_05_DECISION_UTILITY,6f71396ac38466c9d18e2706bea8688d9c2ea8ac,918b992dd3e8d4b64d2a727b2c4ea607603d0c58f19484e73f7b78528c6a8673,SIMULATED SCENARIO,0,Strategy_2_Risk_x_Severity,0.2,120,12,39,0.3076923076923077,1,0.16666666666666666,92.0,341.0,0.2697947214076246
EXP_05_DECISION_UTILITY,6f71396ac38466c9d18e2706bea8688d9c2ea8ac,918b992dd3e8d4b64d2a727b2c4ea607603d0c58f19484e73f7b78528c6a8673,SIMULATED SCENARIO,0,Strategy_3_Uncertainty_Aware,0.01,6,0,39,0.0,0,0.0,0.0,341.0,0.0
EXP_05_DECISION_UTILITY,6f71396ac38466c9d18e2706bea8688d9c2ea8ac,918b992dd3e8d4b64d2a727b2c4ea607603d0c58f19484e73f7b78528c6a8673,SIMULATED SCENARIO,0,Strategy_3_Uncertainty_Aware,0.05,30,5,39,0.1282051282051282,2,0.3333333333333333,63.0,341.0,0.18475073313782991
EXP_05_DECISION_UTILITY,6f71396ac38466c9d18e2706bea8688d9c2ea8ac,918b992dd3e8d4b64d2a727b2c4ea607603d0c58f19484e73f7b78528c6a8673,SIMULATED SCENARIO,0,Strategy_3_Uncertainty_Aware,0.1,60,11,39,0.28205128205128205,4,0.6666666666666666,124.0,341.0,0.36363636363636365
EXP_05_DECISION_UTILITY,6f71396ac38466c9d18e2706bea8688d9c2ea8ac,918b992dd3e8d4b64d2a727b2c4ea607603d0c58f19484e73f7b78528c6a8673,SIMULATED SCENARIO,0,Strategy_3_Uncertainty_Aware,0.2,120,18,39,0.46153846153846156,5,0.8333333333333334,165.0,341.0,0.4838709677419355
EXP_05_DECISION_UTILITY,6f71396ac38466c9d18e2706bea8688d9c2ea8ac,918b992dd3e8d4b64d2a727b2c4ea607603d0c58f19484e73f7b78528c6a8673,SIMULATED SCENARIO,1,Strategy_1_Risk_Only,0.01,7,5,99,0.050505050505050504,0,0.0,32.0,2427.0,0.013185002060156572
EXP_05_DECISION_UTILITY,6f71396ac38466c9d18e2706bea8688d9c2ea8ac,918b992dd3e8d4b64d2a727b2c4ea607603d0c58f19484e73f7b78528c6a8673,SIMULATED SCENARIO,1,Strategy_1_Risk_Only,0.05,31,9,99,0.09090909090909091,0,0.0,68.0,2427.0,0.028018129377832716
EXP_05_DECISION_UTILITY,6f71396ac38466c9d18e2706bea8688d9c2ea8ac,918b992dd3e8d4b64d2a727b2c4ea607603d0c58f19484e73f7b78528c6a8673,SIMULATED SCENARIO,1,Strategy_1_Risk_Only,0.1,62,10,99,0.10101010101010101,0,0.0,69.0,2427.0,0.02843016069221261
EXP_05_DECISION_UTILITY,6f71396ac38466c9d18e2706bea8688d9c2ea8ac,918b992dd3e8d4b64d2a727b2c4ea607603d0c58f19484e73f7b78528c6a8673,SIMULATED SCENARIO,1,Strategy_1_Risk_Only,0.2,124,34,99,0.3434343434343434,10,0.37037037037037035,587.0,2427.0,0.24186238154099712
EXP_05_DECISION_UTILITY,6f71396ac38466c9d18e2706bea8688d9c2ea8ac,918b992dd3e8d4b64d2a727b2c4ea607603d0c58f19484e73f7b78528c6a8673,SIMULATED SCENARIO,1,Strategy_2_Risk_x_Severity,0.01,7,4,99,0.04040404040404041,0,0.0,23.0,2427.0,0.009476720230737536
EXP_05_DECISION_UTILITY,6f71396ac38466c9d18e2706bea8688d9c2ea8ac,918b992dd3e8d4b64d2a727b2c4ea607603d0c58f19484e73f7b78528c6a8673,SIMULATED SCENARIO,1,Strategy_2_Risk_x_Severity,0.05,31,7,99,0.0707070707070707,0,0.0,47.0,2427.0,0.019365471775854966
EXP_05_DECISION_UTILITY,6f71396ac38466c9d18e2706bea8688d9c2ea8ac,918b992dd3e8d4b64d2a727b2c4ea607603d0c58f19484e73f7b78528c6a8673,SIMULATED SCENARIO,1,Strategy_2_Risk_x_Severity,0.1,62,11,99,0.1111111111111111,3,0.1111111111111111,248.0,2427.0,0.10218376596621344
EXP_05_DECISION_UTILITY,6f71396ac38466c9d18e2706bea8688d9c2ea8ac,918b992dd3e8d4b64d2a727b2c4ea607603d0c58f19484e73f7b78528c6a8673,SIMULATED SCENARIO,1,Strategy_2_Risk_x_Severity,0.2,124,32,99,0.32323232323232326,14,0.5185185185185185,1199.0,2427.0,0.49402554594149156
EXP_05_DECISION_UTILITY,6f71396ac38466c9d18e2706bea8688d9c2ea8ac,918b992dd3e8d4b64d2a727b2c4ea607603d0c58f19484e73f7b78528c6a8673,SIMULATED SCENARIO,1,Strategy_3_Uncertainty_Aware,0.01,7,3,99,0.030303030303030304,0,0.0,16.0,2427.0,0.006592501030078286
EXP_05_DECISION_UTILITY,6f71396ac38466c9d18e2706bea8688d9c2ea8ac,918b992dd3e8d4b64d2a727b2c4ea607603d0c58f19484e73f7b78528c6a8673,SIMULATED SCENARIO,1,Strategy_3_Uncertainty_Aware,0.05,31,11,99,0.1111111111111111,4,0.14814814814814814,258.0,2427.0,0.10630407911001236
EXP_05_DECISION_UTILITY,6f71396ac38466c9d18e2706bea8688d9c2ea8ac,918b992dd3e8d4b64d2a727b2c4ea607603d0c58f19484e73f7b78528c6a8673,SIMULATED SCENARIO,1,Strategy_3_Uncertainty_Aware,0.1,62,18,99,0.18181818181818182,8,0.2962962962962963,445.0,2427.0,0.18335393489905233
EXP_05_DECISION_UTILITY,6f71396ac38466c9d18e2706bea8688d9c2ea8ac,918b992dd3e8d4b64d2a727b2c4ea607603d0c58f19484e73f7b78528c6a8673,SIMULATED SCENARIO,1,Strategy_3_Uncertainty_Aware,0.2,124,38,99,0.3838383838383838,15,0.5555555555555556,1012.0,2427.0,0.41697569015245156
EXP_05_DECISION_UTILITY,6f71396ac38466c9d18e2706bea8688d9c2ea8ac,918b992dd3e8d4b64d2a727b2c4ea607603d0c58f19484e73f7b78528c6a8673,SIMULATED SCENARIO,2,Strategy_1_Risk_Only,0.01,8,2,195,0.010256410256410256,2,0.02631578947368421,47.0,5446.0,0.008630187293426368
EXP_05_DECISION_UTILITY,6f71396ac38466c9d18e2706bea8688d9c2ea8ac,918b992dd3e8d4b64d2a727b2c4ea607603d0c58f19484e73f7b78528c6a8673,SIMULATED SCENARIO,2,Strategy_1_Risk_Only,0.05,37,13,195,0.06666666666666667,3,0.039473684210526314,178.0,5446.0,0.03268453911127433
EXP_05_DECISION_UTILITY,6f71396ac38466c9d18e2706bea8688d9c2ea8ac,918b992dd3e8d4b64d2a727b2c4ea607603d0c58f19484e73f7b78528c6a8673,SIMULATED SCENARIO,2,Strategy_1_Risk_Only,0.1,74,26,195,0.13333333333333333,9,0.11842105263157894,542.0,5446.0,0.0995225853837679
EXP_05_DECISION_UTILITY,6f71396ac38466c9d18e2706bea8688d9c2ea8ac,918b992dd3e8d4b64d2a727b2c4ea607603d0c58f19484e73f7b78528c6a8673,SIMULATED SCENARIO,2,Strategy_1_Risk_Only,0.2,148,59,195,0.30256410256410254,32,0.42105263157894735,3275.0,5446.0,0.6013587954461991
EXP_05_DECISION_UTILITY,6f71396ac38466c9d18e2706bea8688d9c2ea8ac,918b992dd3e8d4b64d2a727b2c4ea607603d0c58f19484e73f7b78528c6a8673,SIMULATED SCENARIO,2,Strategy_2_Risk_x_Severity,0.01,8,7,195,0.035897435897435895,4,0.05263157894736842,165.0,5446.0,0.030297466030113844
EXP_05_DECISION_UTILITY,6f71396ac38466c9d18e2706bea8688d9c2ea8ac,918b992dd3e8d4b64d2a727b2c4ea607603d0c58f19484e73f7b78528c6a8673,SIMULATED SCENARIO,2,Strategy_2_Risk_x_Severity,0.05,37,18,195,0.09230769230769231,10,0.13157894736842105,365.0,5446.0,0.0670216672787367
EXP_05_DECISION_UTILITY,6f71396ac38466c9d18e2706bea8688d9c2ea8ac,918b992dd3e8d4b64d2a727b2c4ea607603d0c58f19484e73f7b78528c6a8673,SIMULATED SCENARIO,2,Strategy_2_Risk_x_Severity,0.1,74,33,195,0.16923076923076924,18,0.23684210526315788,844.0,5446.0,0.15497612926918838
EXP_05_DECISION_UTILITY,6f71396ac38466c9d18e2706bea8688d9c2ea8ac,918b992dd3e8d4b64d2a727b2c4ea607603d0c58f19484e73f7b78528c6a8673,SIMULATED SCENARIO,2,Strategy_2_Risk_x_Severity,0.2,148,66,195,0.3384615384615385,31,0.40789473684210525,2345.0,5446.0,0.4305912596401028
EXP_05_DECISION_UTILITY,6f71396ac38466c9d18e2706bea8688d9c2ea8ac,918b992dd3e8d4b64d2a727b2c4ea607603d0c58f19484e73f7b78528c6a8673,SIMULATED SCENARIO,2,Strategy_3_Uncertainty_Aware,0.01,8,2,195,0.010256410256410256,0,0.0,13.0,5446.0,0.0023870730811604846
EXP_05_DECISION_UTILITY,6f71396ac38466c9d18e2706bea8688d9c2ea8ac,918b992dd3e8d4b64d2a727b2c4ea607603d0c58f19484e73f7b78528c6a8673,SIMULATED SCENARIO,2,Strategy_3_Uncertainty_Aware,0.05,37,10,195,0.05128205128205128,2,0.02631578947368421,143.0,5446.0,0.026257803892765334
EXP_05_DECISION_UTILITY,6f71396ac38466c9d18e2706bea8688d9c2ea8ac,918b992dd3e8d4b64d2a727b2c4ea607603d0c58f19484e73f7b78528c6a8673,SIMULATED SCENARIO,2,Strategy_3_Uncertainty_Aware,0.1,74,23,195,0.11794871794871795,8,0.10526315789473684,369.0,5446.0,0.06775615130370914
EXP_05_DECISION_UTILITY,6f71396ac38466c9d18e2706bea8688d9c2ea8ac,918b992dd3e8d4b64d2a727b2c4ea607603d0c58f19484e73f7b78528c6a8673,SIMULATED SCENARIO,2,Strategy_3_Uncertainty_Aware,0.2,148,57,195,0.2923076923076923,22,0.2894736842105263,1733.0,5446.0,0.31821520381931695
EXP_05_DECISION_UTILITY,6f71396ac38466c9d18e2706bea8688d9c2ea8ac,918b992dd3e8d4b64d2a727b2c4ea607603d0c58f19484e73f7b78528c6a8673,SIMULATED SCENARIO,3,Strategy_1_Risk_Only,0.01,7,2,121,0.01652892561983471,0,0.0,15.0,2743.0,0.005468465184104995
EXP_05_DECISION_UTILITY,6f71396ac38466c9d18e2706bea8688d9c2ea8ac,918b992dd3e8d4b64d2a727b2c4ea607603d0c58f19484e73f7b78528c6a8673,SIMULATED SCENARIO,3,Strategy_1_Risk_Only,0.05,31,5,121,0.04132231404958678,2,0.03508771929824561,81.0,2743.0,0.02952971199416697
EXP_05_DECISION_UTILITY,6f71396ac38466c9d18e2706bea8688d9c2ea8ac,918b992dd3e8d4b64d2a727b2c4ea607603d0c58f19484e73f7b78528c6a8673,SIMULATED SCENARIO,3,Strategy_1_Risk_Only,0.1,61,12,121,0.09917355371900827,2,0.03508771929824561,140.0,2743.0,0.05103900838497995
EXP_05_DECISION_UTILITY,6f71396ac38466c9d18e2706bea8688d9c2ea8ac,918b992dd3e8d4b64d2a727b2c4ea607603d0c58f19484e73f7b78528c6a8673,SIMULATED SCENARIO,3,Strategy_1_Risk_Only,0.2,122,28,121,0.23140495867768596,8,0.14035087719298245,468.0,2743.0,0.17061611374407584
EXP_05_DECISION_UTILITY,6f71396ac38466c9d18e2706bea8688d9c2ea8ac,918b992dd3e8d4b64d2a727b2c4ea607603d0c58f19484e73f7b78528c6a8673,SIMULATED SCENARIO,3,Strategy_2_Risk_x_Severity,0.01,7,0,121,0.0,0,0.0,0.0,2743.0,0.0
EXP_05_DECISION_UTILITY,6f71396ac38466c9d18e2706bea8688d9c2ea8ac,918b992dd3e8d4b64d2a727b2c4ea607603d0c58f19484e73f7b78528c6a8673,SIMULATED SCENARIO,3,Strategy_2_Risk_x_Severity,0.05,31,2,121,0.01652892561983471,0,0.0,15.0,2743.0,0.005468465184104995
EXP_05_DECISION_UTILITY,6f71396ac38466c9d18e2706bea8688d9c2ea8ac,918b992dd3e8d4b64d2a727b2c4ea607603d0c58f19484e73f7b78528c6a8673,SIMULATED SCENARIO,3,Strategy_2_Risk_x_Severity,0.1,61,2,121,0.01652892561983471,0,0.0,15.0,2743.0,0.005468465184104995
EXP_05_DECISION_UTILITY,6f71396ac38466c9d18e2706bea8688d9c2ea8ac,918b992dd3e8d4b64d2a727b2c4ea607603d0c58f19484e73f7b78528c6a8673,SIMULATED SCENARIO,3,Strategy_2_Risk_x_Severity,0.2,122,8,121,0.06611570247933884,1,0.017543859649122806,97.0,2743.0,0.035362741523878964
EXP_05_DECISION_UTILITY,6f71396ac38466c9d18e2706bea8688d9c2ea8ac,918b992dd3e8d4b64d2a727b2c4ea607603d0c58f19484e73f7b78528c6a8673,SIMULATED SCENARIO,3,Strategy_3_Uncertainty_Aware,0.01,7,2,121,0.01652892561983471,0,0.0,15.0,2743.0,0.005468465184104995
EXP_05_DECISION_UTILITY,6f71396ac38466c9d18e2706bea8688d9c2ea8ac,918b992dd3e8d4b64d2a727b2c4ea607603d0c58f19484e73f7b78528c6a8673,SIMULATED SCENARIO,3,Strategy_3_Uncertainty_Aware,0.05,31,4,121,0.03305785123966942,1,0.017543859649122806,45.0,2743.0,0.016405395552314985
EXP_05_DECISION_UTILITY,6f71396ac38466c9d18e2706bea8688d9c2ea8ac,918b992dd3e8d4b64d2a727b2c4ea607603d0c58f19484e73f7b78528c6a8673,SIMULATED SCENARIO,3,Strategy_3_Uncertainty_Aware,0.1,61,9,121,0.0743801652892562,1,0.017543859649122806,94.0,2743.0,0.03426904848705797
EXP_05_DECISION_UTILITY,6f71396ac38466c9d18e2706bea8688d9c2ea8ac,918b992dd3e8d4b64d2a727b2c4ea607603d0c58f19484e73f7b78528c6a8673,SIMULATED SCENARIO,3,Strategy_3_Uncertainty_Aware,0.2,122,21,121,0.17355371900826447,6,0.10526315789473684,349.0,2743.0,0.12723295661684286
EXP_05_DECISION_UTILITY,6f71396ac38466c9d18e2706bea8688d9c2ea8ac,918b992dd3e8d4b64d2a727b2c4ea607603d0c58f19484e73f7b78528c6a8673,SIMULATED SCENARIO,4,Strategy_1_Risk_Only,0.01,8,7,103,0.06796116504854369,2,0.04081632653061224,86.0,1854.0,0.04638619201725998
EXP_05_DECISION_UTILITY,6f71396ac38466c9d18e2706bea8688d9c2ea8ac,918b992dd3e8d4b64d2a727b2c4ea607603d0c58f19484e73f7b78528c6a8673,SIMULATED SCENARIO,4,Strategy_1_Risk_Only,0.05,36,18,103,0.17475728155339806,8,0.16326530612244897,307.0,1854.0,0.16558791801510248
EXP_05_DECISION_UTILITY,6f71396ac38466c9d18e2706bea8688d9c2ea8ac,918b992dd3e8d4b64d2a727b2c4ea607603d0c58f19484e73f7b78528c6a8673,SIMULATED SCENARIO,4,Strategy_1_Risk_Only,0.1,72,33,103,0.32038834951456313,18,0.3673469387755102,596.0,1854.0,0.3214670981661273
EXP_05_DECISION_UTILITY,6f71396ac38466c9d18e2706bea8688d9c2ea8ac,918b992dd3e8d4b64d2a727b2c4ea607603d0c58f19484e73f7b78528c6a8673,SIMULATED SCENARIO,4,Strategy_1_Risk_Only,0.2,144,57,103,0.5533980582524272,31,0.6326530612244898,1065.0,1854.0,0.5744336569579288
EXP_05_DECISION_UTILITY,6f71396ac38466c9d18e2706bea8688d9c2ea8ac,918b992dd3e8d4b64d2a727b2c4ea607603d0c58f19484e73f7b78528c6a8673,SIMULATED SCENARIO,4,Strategy_2_Risk_x_Severity,0.01,8,6,103,0.05825242718446602,6,0.12244897959183673,252.0,1854.0,0.13592233009708737
EXP_05_DECISION_UTILITY,6f71396ac38466c9d18e2706bea8688d9c2ea8ac,918b992dd3e8d4b64d2a727b2c4ea607603d0c58f19484e73f7b78528c6a8673,SIMULATED SCENARIO,4,Strategy_2_Risk_x_Severity,0.05,36,18,103,0.17475728155339806,11,0.22448979591836735,485.0,1854.0,0.261596548004315
EXP_05_DECISION_UTILITY,6f71396ac38466c9d18e2706bea8688d9c2ea8ac,918b992dd3e8d4b64d2a727b2c4ea607603d0c58f19484e73f7b78528c6a8673,SIMULATED SCENARIO,4,Strategy_2_Risk_x_Severity,0.1,72,32,103,0.3106796116504854,23,0.46938775510204084,777.0,1854.0,0.4190938511326861
EXP_05_DECISION_UTILITY,6f71396ac38466c9d18e2706bea8688d9c2ea8ac,918b992dd3e8d4b64d2a727b2c4ea607603d0c58f19484e73f7b78528c6a8673,SIMULATED SCENARIO,4,Strategy_2_Risk_x_Severity,0.2,144,43,103,0.4174757281553398,29,0.5918367346938775,887.0,1854.0,0.4784250269687163
EXP_05_DECISION_UTILITY,6f71396ac38466c9d18e2706bea8688d9c2ea8ac,918b992dd3e8d4b64d2a727b2c4ea607603d0c58f19484e73f7b78528c6a8673,SIMULATED SCENARIO,4,Strategy_3_Uncertainty_Aware,0.01,8,8,103,0.07766990291262135,7,0.14285714285714285,284.0,1854.0,0.15318230852211434
EXP_05_DECISION_UTILITY,6f71396ac38466c9d18e2706bea8688d9c2ea8ac,918b992dd3e8d4b64d2a727b2c4ea607603d0c58f19484e73f7b78528c6a8673,SIMULATED SCENARIO,4,Strategy_3_Uncertainty_Aware,0.05,36,27,103,0.2621359223300971,22,0.4489795918367347,722.0,1854.0,0.389428263214671
EXP_05_DECISION_UTILITY,6f71396ac38466c9d18e2706bea8688d9c2ea8ac,918b992dd3e8d4b64d2a727b2c4ea607603d0c58f19484e73f7b78528c6a8673,SIMULATED SCENARIO,4,Strategy_3_Uncertainty_Aware,0.1,72,45,103,0.4368932038834951,28,0.5714285714285714,926.0,1854.0,0.4994606256742179
EXP_05_DECISION_UTILITY,6f71396ac38466c9d18e2706bea8688d9c2ea8ac,918b992dd3e8d4b64d2a727b2c4ea607603d0c58f19484e73f7b78528c6a8673,SIMULATED SCENARIO,4,Strategy_3_Uncertainty_Aware,0.2,144,65,103,0.6310679611650486,38,0.7755102040816326,1239.0,1854.0,0.6682847896440129
